IQ,CGPA,10th_marks,12th_marks,communication_skills,placed
117.45071229516849,8.399355436586003,68.24821725025619,52.921924421226095,4.273012790070132,1
107.92603548243223,7.924633682912769,73.55481329284483,63.39614989220498,5.937593022121832,1
119.71532807151038,7.059630369920174,67.07580079000039,67.86394466578356,6.036033744088893,1
132.84544784612038,6.353063222294426,71.9203847036096,90.8768765734019,6.945260691686811,1
106.48769937914996,7.69822331361359,56.063853330462145,77.56553124533758,3.266283273438347,1
106.4879456457623,7.39348538542175,77.13293707372938,58.64518430900109,7.185134547694661,1
133.68819223261087,7.895193220027732,75.01205475362224,76.86036289417638,1.0,1
121.51152093729362,7.635171801681969,66.82911368931809,56.52696011061634,4.740230895272379,1
102.95788421097572,8.049552715319335,81.59245668432405,82.82691053887073,5.023452315096911,1
118.13840065378947,6.464764788439432,84.37570137626558,67.28875348182122,7.266653652142477,1
103.04873460781306,8.317394065634325,58.924401356310256,71.06363811260829,6.045261705353738,1
103.01405369644614,7.1975996046924,67.37275221433785,85.2579664754219,3.1888738922874267,1
113.62943407349051,9.075260872625265,67.30857650212701,59.1283643141575,4.0300137483659695,1
81.30079633013304,6.310812181910432,65.60096898891135,58.02881814887009,6.397360019094814,1
84.12623251230451,8.73596380316525,83.29474841931749,66.16400673653995,5.841865316270887,1
101.5656870613854,7.197910783462648,73.06173861227197,82.38378851019317,4.841751780728507,1
94.80753319498365,6.348581996385551,72.35485158689389,56.806539245231576,5.038332420976041,1
114.71370998892911,6.5161141659456785,54.961376355932465,50.0,7.392335994318578,1
96.37963886718184,6.67965269180568,81.35418030209226,67.48841141591001,4.964614854261571,1
88.81544447997062,7.424165946401916,62.60741605146528,77.51740799910921,5.823817511941853,1
131.98473153382332,7.5228354880355,75.59932630266329,84.00261749738829,10.0,1
106.61335549270197,6.426299996061421,77.77376937958192,67.36838637914602,3.152634726232154,1
111.01292307031886,6.975645407739017,88.60658595838652,67.88573392883998,2.2963145368506828,1
88.62877720679815,9.142270358611864,61.91179600880888,83.53900734255747,7.567179329597213,1
101.83425913212226,8.727543170100711,50.0,53.3025830030458,4.6427138774117935,1
111.66383884564799,7.4363236696740325,76.83849544753694,68.1147922481699,5.36352494451476,1
92.73509633866546,7.0380034781682,93.00511181510853,73.90423889925057,4.437687243737772,1
115.63547027518509,7.120031326718261,87.38946352939438,76.49218721285034,5.480399718464975,1
100.99041965121792,7.613517972730417,77.09659415274626,66.90193306809117,9.197076224192683,1
105.62459375310085,5.977207434801595,70.08363814367952,72.34441011705842,7.604256917236238,1
100.97440081655904,6.742623462576655,83.0712259663731,50.0,7.724447023773954,1
137.78417276763406,5.3314159261224106,65.26453800295532,65.41751587666151,3.167545888414709,1
109.79754162893099,7.399223122605279,79.7635776935622,76.53508712554468,3.6976925268942615,1
94.1343360656615,7.647195939702741,80.05470159166627,62.177059657453206,1.0,1
122.33817368154783,6.516813537700626,85.6020990749888,72.58984221589597,4.3812383578344924,1
91.68734525043467,8.573986763290034,100.0,76.46872500802698,7.913406372771317,1
113.13295392507133,5.774234336997659,78.92415967178766,68.57450799142235,7.033893031496742,1
80.60494814180336,5.53562511979018,69.91036374292501,73.70463770996571,5.556973474095752,1
90.07720926652354,7.224451818559972,74.74425687808005,62.372674347153875,5.955399432563894,1
112.95291853803685,8.047098302612154,57.30924095110882,69.93388720303953,4.622228914849189,1
121.07699869993115,8.68392769145787,68.05286868910942,78.10216169589222,6.409517764803568,1
112.57052421784955,6.54111573713106,70.90717561886896,73.56972960968434,7.53175655896123,1
108.2652757641764,8.078680833431296,69.75911602065408,66.13468730436064,2.7682264251790545,1
105.48344456616067,6.961491530499293,76.52354872033722,74.24216404290793,6.599295375674696,1
87.82217014448858,6.82737270005918,66.775800676178,79.14609790636618,7.8648697419093345,1
99.20233687407936,7.883659937486672,86.21030667324472,51.50058721422522,5.169799422073261,1
103.09041843560318,7.65232287841342,75.00207064918197,83.59074064955898,7.401401224241168,1
125.85683339328374,5.42360784301575,74.90699678861385,68.63745261318928,10.0,1
115.15427434352692,8.476540349725896,71.72105283487082,76.2548993324023,5.791314414026216,1
83.554397669559,8.380091354147451,76.55190683858979,83.97246923645228,6.786614100010647,1
114.86125954092192,6.374437298490471,83.25098264667635,58.28326302769534,4.523885832677217,1
104.22376579375525,7.395803533437409,66.32869784289099,64.90558997572454,6.362502325204101,1
99.84616999541062,7.494030186282739,68.41883510924744,69.11451304124296,6.920543249964608,1
119.17514433261302,7.260673765823907,71.96273971223336,64.16246478875571,6.3896846805402765,1
125.46499283743927,6.44969484615458,61.54129076526785,89.34936575836808,3.9606093605822865,1
123.96920178674299,6.328376632061948,66.80742140278502,63.432279061732075,6.412723542650902,1
97.41173715166042,6.974445929008555,70.23779126455341,66.44453220513134,8.924391877435273,1
105.36181436223178,8.172729019259364,83.74389180712727,74.04389031602977,6.897271529029054,1
114.96895147105346,7.543600154594432,77.62561329001925,59.97850473923911,7.923974378143682,1
124.63317690683539,6.629385667913894,76.93589911367545,68.04319288243737,5.525976059974744,1
102.81238643232065,7.771698710648344,83.50897962167971,75.17453261250175,7.499800478847421,1
107.21511535004274,4.1514573793699245,73.62628211600604,68.67139595617489,6.558535676433052,1
93.40497538990958,8.148765700372103,78.9046484992889,71.06613141100051,4.098178540625536,1
92.05690063878994,5.2602862212219,73.96778247067503,66.70667887551629,6.637042009597749,1
122.18788733591298,6.637559058596868,77.65362349399628,56.85529690819233,4.016606673119379,1
130.34360042856235,5.880330105373856,69.17241342388418,75.21593211339238,4.734239450230416,1
108.91984817629499,5.705318524279094,50.611828417235714,89.54933071647241,6.378656614584748,1
125.05299346838036,8.16082678737852,73.65720837813696,72.18401630783438,6.594488546760248,1
115.42454037571451,6.5322987986881085,89.2274813609994,74.25264117247549,3.621535069845742,1
100.32320368092314,7.346503881730715,84.26215402241593,78.9272275511686,8.107971542365753,1
115.4209340826262,6.953079421120816,84.6539748459117,59.30669503453301,7.144012556600946,1
133.07054849698955,7.477040827223122,87.36130721806218,89.02514658129606,4.590543128778233,1
109.46260941335073,7.076821891060256,75.88657590961438,74.02328796422802,2.9248304071016493,1
133.4696548372101,5.71700777581143,76.97315707405596,88.3185689908911,5.710190841837138,1
70.70382343865384,7.99626681944714,68.8234810456565,64.66967004476011,5.10811257227768,1
122.32853756562835,6.506243416838688,71.8392714397295,90.18061922557825,6.226280914106046,1
111.30570602357257,5.443418101340249,81.15771149771142,79.75155494034783,5.273766677688867,1
105.51488974301199,6.571884839034087,87.03884437168816,77.53040085852358,1.9850862785099803,1
111.37641164803253,8.50075979063431,73.60553724319,74.34024454353148,5.223306123397683,1
80.18646628098661,7.850221742113493,70.49810735148588,69.5147138192555,5.388761777863374,1
106.70492168243732,6.6513478655921405,75.00527958856597,84.00531658473872,7.267322049548118,1
115.35668857267619,6.650742295681571,81.01206748929116,73.40359869848047,4.603600650777901,1
132.16841067112273,6.678364948782617,60.56145183866458,52.32930296412847,9.357349346745131,1
102.22594672589528,9.076747983560841,52.03819046862762,60.82813538292997,2.176718898696486,1
97.87259595660218,7.381935452231553,69.49463150508416,70.14154247807252,8.622334995605248,1
102.47364434623195,7.43004164719107,62.79287574085841,75.09998983165555,5.55136205824379,1
123.73103176553111,8.030283454031842,69.9185980235269,71.43411511100105,7.719169744687113,1
114.93126664489526,7.238789159026513,73.52219681182528,84.18970789793663,6.159602968117466,1
102.05359694349441,6.740957854179297,70.46751590976987,52.48898135961375,8.279111072050938,1
117.69901149670034,6.803650150915022,89.52467534470745,73.4358793650516,5.2252760708943775,1
111.4561632402206,6.928398740585936,78.2674476460232,53.82020774612845,3.8027591496443756,1
124.52967485799334,6.962777763490158,78.00474359610828,79.59712295484168,8.841008574542126,1
99.46920359183972,7.72762954363698,81.22207144043402,71.05541285557997,5.773038708235718,1
105.08506780103347,7.051945885807299,63.61166882219231,76.19609972024118,6.443116947248421,1
104.11837770301764,7.73264007721558,85.39111787420269,63.36117039410234,8.46950382808959,1
88.04727577801822,6.919283419891418,74.2423571346454,84.7946493165775,3.93608951581113,1
114.44180415596864,7.07863519031609,81.70480617241212,82.41724664058852,7.190981795278515,1
113.91582908269834,5.001799315467892,64.28142766959844,77.83544303011888,4.820210487074219,1
110.07670184963692,7.916327674702481,59.46241233983936,70.7048275313656,5.735661288711256,1
106.4811929993728,7.346488475897993,83.17889658025028,77.79857285295132,6.144557930768578,1
88.76943886924379,7.998010109859652,78.76409526097517,64.93107432012651,2.999556277106128,1
103.69032015851961,4.10374462180631,65.9794844564249,80.55555659020712,4.442325914359131,1
104.85928225209845,9.088374704780728,66.30336918725305,88.4948089432392,8.702145784826278,1
97.96584096167572,6.860410371844826,86.2543478441477,82.70610559979187,7.772382377169591,1
107.58071432500986,8.108182816737516,63.10588107132672,64.70397530192591,5.87472084534553,1
116.06076285221808,5.960094072874469,91.42672953255963,75.61417317273103,6.486246917025786,1
138.29278851815795,7.61277390506257,65.99379265352131,59.06858456241352,5.411514988727085,1
112.61866719247759,5.946584436826344,81.38391925608383,77.72390311175675,8.713166771655963,1
113.86325586084146,6.376231039304195,71.71381524251015,76.50603412862539,5.599294844411673,1
108.8833112635075,8.914031353866786,81.03187431082343,53.30183660467836,6.463684184269696,1
81.21843177051437,6.809317599236653,69.55885997885807,60.38216156087636,8.29206028828413,1
109.60229186826174,7.217432873179723,73.37207093927705,69.16861103256232,4.445257030308187,1
110.90345314911539,7.8700677306887545,75.40919175395722,68.99140252859173,9.117578368993788,1
146.9486316872793,7.495681887972605,64.97812544218527,59.90523064581195,2.9390771805132463,1
107.11458552828316,7.150418905143576,82.40824345420125,75.88978729352183,9.259284262225597,1
114.52321013500419,7.3649610024662255,69.86786433528415,74.51473608940512,5.254648832096051,1
109.47932345442135,9.403415585238275,72.71400084659982,70.0573086802148,5.514602504349437,1
92.46982943570703,6.9423812029664145,65.05650625391488,64.44208499841638,2.219979657634114,1
127.14234221772531,7.201099046714967,50.0,82.48707126416564,5.090410565244614,1
121.27899549030161,8.050654396007612,73.08972237399831,88.55407113088296,3.9203869379462315,1
121.8654792056457,8.105525932957985,99.12615421612915,67.16438516153463,4.784707309253054,1
96.35918817807891,8.18703030556038,82.84604287898024,65.8783308284518,5.72537806842224,1
131.04191466404149,7.638730222029185,74.80739620265605,76.91207665411996,7.9155832289458115,1
88.97223405811579,5.8569950872695165,72.37109170791733,68.41970620253014,6.415206702801251,1
118.80285640700406,8.633431532301096,75.22465892812046,70.60602799336766,6.615353306802228,1
142.85683438714966,5.853654606981312,80.4711911517521,79.39653151724671,3.8089612223088753,1
95.14195512303968,7.3026354652390335,63.19187184691155,52.906439124927076,4.23849182079454,1
101.50553405595842,6.245724149980642,86.14321694668872,85.1830232485267,9.597450036702623,1
111.49477047631461,6.935861653407008,82.15381315441245,72.72680524329341,4.529597930473507,1
102.44786518825701,7.32876241030348,82.18185725707934,67.8850685543782,9.31241650411459,1
86.74004853400801,7.3213572154502735,79.38475738809727,71.1076584577855,5.513877602238267,1
111.0284446220904,7.421920754235285,75.1961665769399,71.62429355020518,6.004575872287008,1
94.06544429410843,8.613711269058648,81.7286123596682,54.68798696555075,8.14073032045986,1
117.10388645952773,7.453534301513979,80.91814133741379,86.94938227453235,8.543784843877313,1
96.20863648649295,6.755843364709351,71.45959289058976,72.41325632270619,5.778374879441825,1
133.24901607526309,7.964087168288358,69.26398227103098,76.43002130447375,5.223513892956922,1
98.25120061495645,8.189470488924641,76.01856295261987,81.51549770574043,5.888159102955574,1
105.16907725691486,5.7723921848630075,90.49020151495188,61.788375424396996,6.675915056464237,1
122.20275826054504,7.597400069849858,62.60892924346099,76.73471899035229,7.782607373739511,1
91.53703525349067,7.701172742310899,60.324747342475604,69.32358909101207,6.008459717988303,1
113.41189901906193,6.702436496640008,76.64760841236517,80.46770775216494,7.237772596046307,1
129.60714131423643,8.37570681331162,75.50887701856018,50.727725796485046,9.276719464541882,1
85.88775148158159,6.849944412967473,76.73341664370409,71.00905699758731,6.762619224529569,1
112.76950787798457,7.125576453471543,77.439531979085,65.97179344216039,6.623305712009556,1
113.89824191372635,6.82692817571613,72.76797745365195,76.32262950634156,2.9621783498198644,1
121.72734307665965,7.015579047581467,89.89863438602082,76.70044187368202,1.0,1
91.44573933682878,5.903724913104798,58.99096021523484,64.92374105177974,6.776751458460336,1
90.19315080373585,5.559949117405706,66.71502975219754,64.87826135823957,5.8103515374382555,1
117.82912348425347,8.594505063224972,73.96745239850952,70.89334631442671,4.970434650170516,1
114.45477009849779,6.153038651681673,58.568111888458326,63.033577726847916,6.487060408372689,1
113.75739275518815,6.008607650543693,73.24145595567929,80.41983695452127,5.879192541606184,1
115.19672314245463,4.846609886396285,91.61470165728018,68.30792799552555,8.255560501267798,1
99.79962917632264,6.361038252310498,75.20886488295962,50.0,6.1722217365179555,1
113.48380545741506,5.676910206592502,77.30700905718683,68.25177943378193,4.506153429859665,1
114.39608709948021,8.642015160136369,62.3983523482742,61.61456179156028,7.980332477918578,1
99.28472872960448,8.009817089342635,68.83638591960522,55.687241845390545,5.565737850107595,1
137.98661766717134,6.311849654822276,71.24803619676064,59.62573361777427,7.053073367344615,1
117.10749381367681,9.252435805344309,71.82284903243766,73.0940847183297,5.045178587614399,1
92.13044754196028,7.981765486991594,87.81643795003768,85.28640828248231,4.700346229005127,1
119.84830412950744,6.675168616491377,80.57691060725125,75.1318447386498,6.168336460371393,1
95.37977494659017,4.500594285126427,63.88542043062968,65.9349661178426,6.025657287087371,1
121.80626905613678,9.290942572590742,77.46504778432005,76.55904195170703,6.9596540707336665,1
127.37893368511106,5.610427533236404,79.98221748496785,67.40909689781009,5.462708493380515,1
97.68976522472434,5.354601253043108,86.40149038521267,65.05399630836855,2.3272804324592054,1
124.45064193866483,8.02257043200964,90.80540686568374,60.456373317670156,5.1344522328232225,1
116.19171390404748,9.439752406339274,64.84905808172131,54.48171193248281,7.587636934287631,1
122.33090239991735,8.384272818510517,66.89142488789662,68.10076293440555,5.405247841513787,1
138.4518947398092,7.56390912005236,62.42422141085384,73.58053489920133,5.507233194970904,1
106.31917825995694,7.594754341665286,72.65980140893019,71.0337632998511,7.972753011811874,1
98.69395753463766,7.853415558780307,79.66358374446335,67.84033072052641,4.5760535454821545,1
96.65728355561716,7.758928589786765,84.87334516589102,62.542539393032186,2.9143935635142006,1
97.76284572551843,7.281191423969376,74.24048976357477,78.08246191684968,5.678737760949011,1
108.84347435878844,7.104201103951876,71.80152476745155,58.82868080053415,5.031652097502526,1
115.11727962224965,6.937406872100477,76.5175799224874,79.76027913843475,4.067507360493492,1
114.15036198995028,6.246035411133324,66.64857098369977,61.97782981073275,5.649243088202619,1
122.40774873554035,6.719324923133226,95.89538721694774,64.47564762646965,6.983011294493568,1
110.1950283781686,5.3070431858046145,58.923389728819416,57.33214809384323,5.981422876864369,1
131.80301115735975,6.90166037320525,76.84740578895725,66.98597853114363,6.613962145372476,1
106.03014750143066,6.011408892849083,95.2360621922964,81.75312458477978,9.626815397030846,1
150.8025374988443,5.896410682784229,75.06799844559998,77.15628088443957,5.314242276884872,1
119.3850102164751,7.179894151153478,73.09960964998506,81.78422112028035,6.556697269289339,1
97.14263665375576,8.3920022863446,71.42554577189573,77.22142545933936,4.981573274801731,1
93.93661252908332,7.918316606002313,73.19608318237592,60.96330171469631,4.307280560226054,1
117.23708622864778,5.429499396376823,88.7284847467653,68.69210775672443,4.83018469316446,1
106.64805822011223,6.010371863429662,52.88138088670493,64.19800870882537,5.042482856956623,1
120.71000741138138,7.940771187988216,90.33433701296326,85.3057490403904,6.718951595094251,1
117.09856436860318,6.017512606461691,60.76042847549855,60.03211353573688,10.0,1
108.9075663101469,6.775366850002976,72.33347670765585,80.93697689389111,4.567913127448319,1
97.29809422897392,7.550052099024552,70.70755579701338,80.9295387010877,5.166749388769075,1
87.27729162971204,6.031655545136365,80.88553269770719,90.29620201716088,5.873753973777504,1
103.30227571899468,7.10537550614596,59.01875648116253,67.90313407370503,6.791597697419494,1
122.84598191485209,5.665974505081795,79.62172666081943,79.12322159580162,6.52710162390957,1
113.21140616195306,6.398632356048786,95.24309623286852,94.81651836538842,8.568191587896234,1
91.31391831932018,7.3197819341425365,61.368259954071895,65.82358323066303,1.1472158589295836,1
112.59771388776772,5.407006266468331,76.89706167610396,56.6495975246764,1.2261402596086546,1
115.77976069593255,7.440474737960399,68.3801782220339,53.19989966092236,5.008243655979701,1
96.742138456983,6.980362201073318,79.25887206193036,79.12712028861331,8.194600375087418,1
112.30587658918292,7.5524899544171475,75.19147777415752,53.168497919414165,2.8687039367888074,1
110.87313077669,7.223914134064661,68.58513090955691,68.27680947062078,1.0,1
92.85544553254066,8.364140429973844,79.87872284871074,76.37313187038961,7.142358812438418,1
115.36681040522424,7.1252245026479075,93.04348109786743,73.85175536829914,6.487314447405429,1
118.41176789552351,6.570594458874747,73.09096208272702,76.25444864184172,3.8195831864011405,1
126.24576864762915,7.122297503032284,82.19757942148182,74.22289855800854,4.02892079855814,1
125.80703078052355,7.543298029036388,62.06727042128836,84.78865813313394,4.060512560730651,1
89.33495948064363,7.048860070325705,65.43563623181991,62.476836192612026,6.22107063494788,1
95.93262440127316,7.040591691203883,79.72406277880377,65.23004861541469,4.747369447633986,1
117.7255290081299,6.298008312193245,89.84116028535965,64.27340554729176,6.98812783795104,1
117.70678926368313,6.337099082449052,78.5561334878566,80.3019181186261,1.0,1
117.72571529459071,5.597394728200307,71.86941969476845,81.00398588395063,4.286296269744401,1
160.0,8.749576743186939,74.99291405423354,76.51225319318507,3.7478920781778995,1
118.5633576603975,5.756136764608715,62.495922660302824,83.83493666889927,5.487318643255016,1
127.03348460270898,6.307094802204093,81.04515326355367,60.21959132623619,4.923904483019723,1
124.31002645239803,6.281592734430802,83.82333062323409,88.67224111551137,7.595687559791533,1
119.77086876958697,7.8949243769444415,70.4790966716692,87.23238621712258,2.281326456679885,1
105.27096133039481,6.705050321707972,70.29957852240499,79.35621997245747,6.090982952661504,1
121.38453830739901,8.247742072673734,77.65878229652049,89.8179890877106,7.116672846423411,1
98.40762178193643,6.326509375756132,70.63280263959405,55.43376792322226,9.71329487312391,1
106.44772089889986,7.278994162223802,74.33867385374178,66.75551863737348,5.03646805781305,1
102.71954678256344,6.164652946740243,95.99721789166516,64.64696539318048,6.6489172087050346,1
111.22811209079484,9.145149127773388,72.52974299254004,79.21479323757343,2.39227441487527,1
144.71987850010262,5.812401580970487,71.41659847978778,61.498592603978544,1.2160875913739524,1
81.99102211112378,7.309820710227028,68.52458194364841,79.57495149337485,7.6895487515634,1
120.2939028556177,7.633776880932098,82.44191971499937,85.70536143996713,5.9888794127038585,1
85.80926193215522,7.4137990974514985,73.18775826781896,78.95202900084,8.357025379596845,1
102.92102201315849,6.814712341122291,68.50626961678574,74.83751023661502,3.2531942220605017,1
126.33425895451049,6.870179300266574,88.21304032273012,62.121266590992505,7.039804279057505,1
110.96420028643195,7.04381147197911,89.19603004513637,63.53149033874635,9.737635681087706,1
93.8338283310604,6.852997998371511,68.99576434261294,84.49618905296667,6.839411216714532,1
99.27044436110047,7.96387911679491,56.33460048639384,79.79349003905332,6.5531630111820975,1
120.19396623402014,9.210523001591351,85.07513689836922,71.60980480622456,6.0171121616487,1
99.04450052424295,6.442508214992166,68.15370174239996,67.8209045423411,2.8582370857481756,1
113.24687884372962,5.630197020420923,82.90625599162769,51.74192126888623,8.711145871420696,1
110.6835775985572,6.911717951648745,55.298961822881644,61.291475813155614,4.778284720389868,1
100.22599478591275,9.579709337654318,83.92597338299309,91.11419087139723,7.008966512766034,1
142.1591613398799,6.196325432030269,62.88828070719219,59.195444289975335,2.873931386857493,1
119.50878533477017,8.639116805444068,82.30764119066525,73.8947982122108,3.641080670984439,1
79.6228612001359,8.677700814076442,75.14273067836434,82.07443973195198,8.87017479844447,1
112.79681472154141,6.4464117582920055,65.46060580603356,59.450773319977074,5.305395422084314,1
100.07320302847418,7.5689830791852755,70.9296368707322,73.84710474781083,8.90655095208509,1
122.78650002194335,8.628396623128538,81.86318456956701,81.37915537510655,5.843538681882964,1
98.11218892350949,6.620872259012513,76.05894453115235,72.12499321907251,2.316204454084285,1
108.27895337799652,6.796419639897638,80.84412980472484,100.0,7.784135199463441,1
117.57480918470685,6.418319086051357,94.76440584515485,55.31400741121804,4.820215364488784,1
122.98632791255181,5.985243269307134,59.357583882889486,82.5872852988388,7.397377627034087,1
91.99555389416335,6.350722454933993,91.17212574968624,70.27198262603535,6.050421735080164,1
104.98248146238578,5.7760597332377435,76.04355937523214,79.71920154836675,2.9137635441142593,1
102.87582033258566,7.034083468259226,66.01215951676872,76.41307151699246,6.328589530741138,1
100.20006151139432,6.230026768941358,61.696863742610105,64.66843802890003,10.0,1
136.48181360421646,7.233785911790748,73.10879609222967,74.28996392459341,6.985972917028919,1
116.07472566441433,5.444104353796373,84.2165011192446,53.42098548601713,5.884964493989074,1
91.08674068497433,7.330880232214457,73.72450879622465,78.03247500571393,8.150686803913796,1
123.76792920582164,7.833528961608924,90.11154930247348,74.98158465990525,6.4213369304062216,1
141.8323429551895,5.006264357428544,60.48824309948441,78.38660168643102,6.4190684605255885,1
125.4869789082672,7.374056569847572,74.87911052153946,82.5811832508715,3.816749655681795,1
87.2094505106898,8.227668992473292,62.47606555586881,75.67619840209711,6.467696051579197,1
102.73648890700623,5.790358981308795,78.63631882624968,73.48089419798276,8.070886832833889,1
129.00366723779933,8.672572386837704,83.868873900973,63.18931663338708,4.327875695799951,1
99.38495801571828,7.419019009366045,70.79238206318946,64.87779236350949,8.848991642493896,1
116.65729142219342,6.294988144241591,50.0,83.86734620177332,5.816587951709748,1
121.61951080144006,6.944230922342294,76.98948146796495,86.36335405705978,4.224460976922918,1
96.09604292632875,7.558326912521722,79.3673855173351,69.61889563687946,7.995264153840489,1
109.10711965907299,7.076005391412411,79.04294754961698,72.46002747253274,5.426411528523461,1
70.0,7.538755992446369,87.35782191822155,62.95385625006234,7.519029774972216,1
94.63418537998565,6.079326406920634,64.28946320350951,83.72756845267445,5.4164827354829255,1
106.2114777291026,7.169360824036078,81.8021610545045,78.65416823691778,5.880347712940193,1
91.28325227052726,5.58628550309502,86.92507512477975,91.4121743646375,6.987120408668583,1
134.48616955897452,6.888773938651299,57.21412415993483,63.21676922820261,6.581794115180012,1
88.54787933059052,6.09609235853521,78.19651825918977,68.21992100981782,2.008936439096523,1
103.39933269954524,6.264470057410233,69.95820168992329,74.31445922525572,3.7575125198112165,1
111.96110865929137,8.236093175210437,74.18477326898355,78.4648953772577,7.858819969581631,1
131.61909933599173,8.091310120594269,78.47676483538336,69.84332362452368,5.735726822196906,1
88.46206773230841,7.609138120907177,70.12771435886448,63.270389095462995,4.952537394457156,1
127.4474562823244,5.907687235327421,68.24291920838388,80.81407528923572,3.2828519694850513,1
110.1534959152938,6.683591550305198,75.34152417488025,79.21135362545581,3.840527357448303,1
95.27737023428074,8.213097699979183,64.12754061137197,62.83725899436275,1.9564027200761052,1
116.93155211394907,7.141716913639905,64.14174871114815,85.55442801105495,5.797438562596934,1
112.98589543360205,9.319329539981695,81.79373282956503,83.70198709196603,4.803124838837906,1
100.99674684261808,7.3933178393943715,63.51205964841344,73.34296497247793,4.066824218029369,1
111.04703127485028,7.192049116490032,81.66312500909211,72.79597862376036,5.8637531496640936,1
104.2202960470736,6.690883535797498,79.6259129285395,77.54057771115907,6.727941261705476,1
111.70276017876873,7.133540904782282,57.741932712094034,63.38296929743742,10.0,1
119.9319601178157,6.8475301636194565,68.22435347664344,72.30031479164082,2.976233160873573,1
133.7902522421803,7.708108676688591,86.94109403047372,50.4761645539082,8.318762086601044,1
91.43276751759726,7.956702316794584,65.18834468860318,80.76455645502935,7.946203122030144,1
141.995500619844,6.21401053949205,70.35595737690612,56.385067775581405,4.441814521246599,1
80.71868300716247,5.6687670464422215,79.62060893251896,87.03419828428999,6.406471909172062,1
107.72322357446625,5.163794626896704,82.83390509282596,68.6987990603355,5.084733501324769,1
118.82475809726864,7.507991326912544,72.48461113955504,69.88333018068823,6.371377160837477,1
114.2148780160255,5.896633393826127,69.02489805308359,65.72266093915495,9.0182620268091,1
100.65950720269109,4.847109407047517,89.22369861698508,69.11961126077924,7.211212465262626,1
106.87816624464087,7.388578604530964,92.3889966379758,86.18531345148037,7.017216746466884,1
102.6049859801175,9.492999517432791,84.78858050781795,50.0,5.139381360090715,1
101.15952864583683,6.993929088460106,75.85318142565023,84.76965386088187,3.0318866701513296,1
122.74403145531537,7.838490774451642,66.91734278359074,75.38023481101708,5.583063578919184,1
115.35523228947571,7.081829358547565,66.69555593443435,59.929783521427844,8.41321630972783,1
99.60635607109019,6.901110346808857,80.22514105265758,61.24687606950762,2.945664286820705,1
123.49399813149876,7.9190764829877685,79.18398220888683,88.76393027208204,3.88982126364661,1
114.60949281314915,6.709725455811348,89.01598592946429,62.54493120057269,6.252535472468137,1
122.1929317825844,7.267392314071903,81.50450092536138,60.46649489404041,4.030690430305475,1
119.44443262885419,7.321697806196013,59.96919698240182,83.37314542364729,4.414953105769575,1
97.56507483616892,6.331909546356951,85.51947617722918,75.38552876285914,5.152802836543646,1
101.59728439704546,7.992042349536523,65.01939372685587,62.620744234636014,3.268765191619701,1
121.20940407684893,6.825040243304591,71.16028728047648,74.16624975404619,4.051756307567263,1
119.15555398150197,6.244254840507155,77.50200206251695,61.742473163597225,7.4068558335746175,1
109.68647609053778,7.536509843570403,94.95667489783965,83.00821398422605,3.385260435538072,1
111.75991074963173,6.101532018208963,100.0,82.61370964873133,2.8042557310103247,1
129.16497343682636,7.028181157369128,81.06723059136183,77.32006198821944,4.739950040932211,1
101.12642916746255,6.990881003355796,73.16803381279612,75.61661061247017,7.463911005019692,1
118.20646071755057,8.085895565831578,80.3450564848055,89.61188124867374,5.606156384006221,1
106.9671102134916,7.474698232879953,83.87655425873837,71.99686327388225,5.070837843768763,1
106.7347819515917,6.974973041254856,71.79332374442808,60.181258745791986,6.0887175950312145,1
126.48165277980786,7.817766299200287,92.95211355912322,76.49473912832306,2.508585134280696,1
122.38124523482045,8.390207549017314,77.30070759191402,92.86047049537115,6.989411307550065,1
122.20264454000957,7.557810306351862,79.97743089091394,61.85240506814148,6.766870062807288,1
129.58218210731494,7.01035261984338,81.65924252054461,68.38537233306015,5.181383051808558,1
110.31505762449139,5.68816376764984,79.21586610614456,76.16446038101452,8.011849023592834,1
120.22929456942445,5.934886336924627,83.38940500469613,71.4609515099426,3.7450078020939226,1
105.34599865109816,6.694775295645332,68.82746813453076,62.176964196226855,8.255817986507138,1
114.86249528732664,6.390487797840716,69.4169824605397,83.21857856230471,6.308987331190503,1
108.04785418448473,6.813028697014554,63.99845767028305,95.2004072201726,5.326894820243654,1
111.45493947489078,7.0566499248971075,79.39501230620226,73.96131459023907,5.9602527292633765,1
118.92735538155371,7.529692754356731,82.78936503512114,62.95931710264,5.785470468378117,1
97.72668975149791,6.9295012219409085,79.57772866151886,56.51039474946525,8.440565792835434,1
141.3858091352819,7.486501643826202,91.74492433347538,74.5797598122118,3.846641745057973,1
94.90973927750447,7.06447441481012,74.94403981170953,83.03877343316258,4.4749615217068035,1
91.78717080818402,5.024533433646129,81.68741655592513,76.75167746495381,8.07260578414496,1
127.37166310250102,6.060664606181246,64.08299123860685,71.97596159081147,4.808930129632282,1
121.87494040944404,6.855912444278385,71.12900297525599,66.10728348210694,7.801066154663183,1
119.36179725578234,5.790305257158892,81.95537757565778,61.0783636728191,9.398871966017419,1
119.4251826389642,7.599928729996204,83.49102110743144,80.34751326324883,5.196409946116733,1
109.81629840729629,8.530750832343697,72.06033052335818,81.13771621385585,7.362724653150611,1
96.54118442771252,8.218761851697316,74.28400748141934,56.54270213309267,3.692615437320283,1
111.1370683729059,6.786557129069792,59.821262533191906,87.89838978180684,7.509466596135619,1
99.84257432731832,8.490726136849952,71.42970799193391,77.74071220894001,6.3988479719735345,1
124.62679600126627,7.148667457202111,83.90383163519786,85.99594645145794,6.94607656432043,1
107.79413927746792,6.662914028881961,80.75205016106567,58.57872251514885,4.70885585592921,1
97.61754204811233,6.38659733645906,80.00665721381209,58.34175844584561,2.677833168865655,1
105.1792123752051,6.697530313511872,75.49773687180961,70.51030690232703,7.006504129499009,1
116.19397181413436,6.611823181458771,75.07063158628176,77.02784426895194,1.873193695041091,1
101.54413170794038,7.170416222375488,68.39678860526553,89.96360822926964,5.36529901551493,1
97.66669406650352,7.160573981049865,81.98828420202534,79.06078913815132,7.88236373283994,1
113.65530817237868,7.003046020153414,79.20972944389389,69.57318723187967,6.3837954717460725,1
113.67449856663085,7.43693816974635,79.92018847992799,61.73630792334108,9.896685289579626,1
102.39585236943306,8.190646274786342,69.7396515733242,84.3000057271915,8.050218305163547,1
102.93442541572516,7.949554135441324,53.46657080128756,62.35294574249285,4.692203223348847,1
113.48074906036454,5.5151020315500965,85.97152711753695,88.28468554772321,6.054626759702877,1
88.27873487754013,4.446078865098045,70.21162543991596,69.1561535039349,5.905258594911128,1
88.88804338435168,7.934319911239274,66.37224235956879,87.9058207261785,2.8356464733077456,1
99.22333668121345,5.633121301584579,81.93478911913994,78.78931290059279,4.119202167031293,1
106.7982927243223,6.775234598107317,71.07987360080871,70.63004510557542,4.8784781860402795,1
114.66361348397007,5.82988697394064,85.59936384046622,66.80603628173873,1.9275589942881268,1
132.1303432542433,5.19801956241998,81.17005949576698,68.59092122653921,6.094986936503286,1
122.86489434803029,7.541462728204788,81.83569323200477,76.28316692375238,5.501856310693919,1
107.60092205054859,7.7591551603026465,61.340442887994655,72.77156496217717,2.6542121973768515,1
109.71475688145966,6.423489599273281,87.11943985386401,66.06188591931294,6.8084257305546645,1
94.96205953043287,4.40895770785509,77.61250531233856,70.34368589682367,7.431745489381919,1
109.72230296011415,6.453755551747517,71.30722860753797,72.7857702971915,6.454068957729778,1
105.67012041619793,7.3918040054025465,76.43388467342251,50.71265905585188,5.35186364958206,1
114.84077840507135,5.521088431225872,57.2376476710168,76.58168114788698,7.18288430350371,1
97.59153584671516,7.183359919779155,79.08652811480671,62.20278775283193,7.360440720953382,1
117.79019771361759,6.984690150827005,64.70628491817928,60.46667596794255,6.614807139439376,1
132.99108369503867,7.579291499601088,61.47329714156466,55.1265565288929,4.350775499130478,1
108.36859777314713,7.119580368414153,59.77640813782109,54.0610750213211,6.553201531022362,1
116.02567583148412,6.026931059118445,86.12688374989925,58.44552496887711,8.390961301650957,1
120.35215987566669,8.196571501664492,68.70736606307212,64.9097904236951,4.80674188277654,1
103.98169292171245,6.84147042697303,90.337277099165,91.53259137526568,10.0,1
113.36138722715626,6.972695460490068,69.64198536947703,66.74120324104796,4.948738132029231,1
110.18888601172692,6.066732040926804,57.92642042407053,73.77750106268032,6.064814026680272,1
111.46514147823248,6.55671774880849,63.83475560051341,76.00481386506328,4.655028807987327,1
98.404853242168,6.115197285973099,87.35811620006939,73.3106518621585,6.446541671840522,1
110.36765261388415,6.827053940076577,73.44101822063332,71.22556539274007,2.5155566147294497,1
117.46997436868175,8.711708480142343,69.51712703509399,60.04706236400755,4.907916402366558,1
131.7671541169256,5.628098857068643,76.60018225852788,86.50927548279212,3.8157575993028656,1
124.3890623912781,5.386438602123259,80.01782736167544,90.07196643637886,6.270676695784582,1
142.29773686267333,8.471170327493608,86.1739881590246,55.17341305877314,7.988894751017815,1
98.48978655667926,6.7906763228481335,89.48499229892926,61.7597140911362,7.2920123742291025,1
123.08480955081018,6.330927261340084,71.40231354210914,69.20189657622994,1.2566812782822154,1
112.75013008607527,8.039904687396076,61.73952313917962,62.35462205089809,10.0,1
142.8470439982651,6.394384460263136,70.86534838876725,77.05965553455866,6.590559881241736,1
97.87552571967272,8.826009713546936,77.60280506582886,64.71727797593387,4.447001719014,1
97.40417236728835,7.677925871339269,65.3624107378939,93.65056067806603,6.314255837981881,1
101.00911031833967,6.5120885918542974,65.42849085104957,83.90548594343596,6.352379645005385,1
78.1415641353529,9.157308213265503,78.43787881549885,74.12574030632214,4.666302566096872,1
102.11367467478858,6.3942850769966615,74.5134764842955,82.26986263319732,6.395833334684151,1
98.61301007669454,7.742095372009307,75.32796995411587,83.05900424357309,4.785055424759386,1
112.25590679714311,7.299292580406492,67.41504665299931,66.36052511941757,5.191276014619954,1
115.12633963665739,8.301741289398798,72.69599285794233,63.83782755458035,4.627441728489831,1
138.1425625882383,8.561511196726853,65.75766855731696,72.78143062969647,3.1346574205206945,1
124.25635757279075,7.0320041490657665,83.90198411124787,80.61636124497944,6.291672940430768,1
101.34644516506395,6.246582129653817,85.35249334723753,73.39060398653417,7.170598873032676,1
96.52377992977463,7.459972142939116,56.53812137761906,56.23003517809003,7.029767192152745,1
117.37878757259759,6.322284630247894,65.7048913980759,63.97175556049157,7.639850505270468,1
90.19650189469037,9.013387247526623,60.03470744909921,71.26027136405622,6.648680420029736,1
137.4718814878153,7.1365353310827375,68.49976065593101,71.2433439567417,4.934549003566193,1
127.69160181081931,6.634678448687891,74.16562030209639,91.72542176789808,7.679327728862377,1
102.96236521842943,7.184680305864909,60.5035478030147,58.14012057601002,3.28496492031613,1
84.30298206363683,5.6528737104703035,65.78140186874687,77.05589241835875,4.198657234975039,1
130.3080856124812,6.028385961489349,64.96042627918501,86.8911310832829,4.071599857153511,1
108.28190232121074,8.200413907944425,77.07267329398944,94.71449745422797,8.16011211827862,1
128.5672446796019,6.343105721028604,75.6934433703625,67.95602576816039,7.885577028280151,1
86.0835851180845,5.95308901731806,67.78262446662747,76.914294527202,6.97461047408999,1
101.0093746556934,7.536652752527286,76.76820872139398,77.69760357198646,8.143859730423594,1
110.07865549577275,8.185704154662997,69.53319915412735,73.9548173155329,4.241434435176024,1
110.70470890647113,7.718953310665067,72.28344889673947,71.01154798760695,6.6971902397219605,1
103.24901792781135,7.9960476858058165,91.73452090298537,76.35975389500047,5.749651143233671,1
119.34274898521248,6.2432049114305395,88.40461051790348,50.0,7.693764207769828,1
93.98569355926108,5.578189333258156,62.004187630724026,78.82069490062631,5.769551534895605,1
107.8643077246806,8.501333651955488,83.29732417879174,73.26177903661967,5.230114223179838,1
111.80443447567848,6.677320161157864,83.11396554491591,69.77525103221734,7.08181703712198,1
117.71658251088124,6.749166983544953,63.51736711247382,92.46862195719558,7.752338334382466,1
120.67422317133335,8.328194141849059,83.1877764375486,65.25065981209448,4.6633096103063965,1
93.13036862243196,7.55623000940066,90.37931918412554,67.9692401093497,5.877848657295248,1
86.98828743896567,7.455887772081607,63.77455193755586,91.91553302204734,3.8831187327166945,1
129.16515232847763,9.165002344901083,65.82497178985736,63.679386951501435,1.0038779650141212,1
114.98471017969388,6.356481769619857,85.17661466843502,66.4988471706346,6.400919262827458,1
98.7727019516517,7.927840128081237,77.71495310825648,70.5297457656915,7.217810712509264,1
133.26727963283784,7.057013124897084,80.51476275239523,80.4073448212955,6.524133618173451,1
111.73511951439288,7.268592278863257,78.40589216400497,74.07802507353314,2.1008765644912657,1
127.6894577609574,8.528468426412532,78.90695920928144,59.07374652847737,5.298301139847051,1
111.01277722115164,7.507835756289624,61.73527871688917,66.67831436872811,1.5633044798978375,1
140.9112188732298,7.538296079049633,85.47317706621448,65.92645566787789,8.73940221530837,1
136.33011263664807,8.072507337309801,86.69589992427774,71.22778954776955,3.827890835763828,1
106.2655377728139,6.635047270457115,72.70609255931973,76.25843658629829,8.510807218919792,1
124.57356426431534,6.160790332660993,74.56523050186138,76.18205755887972,7.891739287368291,1
119.68063924377721,5.955190805978966,59.68892497444278,54.23988245951598,4.198819294927876,1
130.52947336298524,5.0336434106239984,80.14254756017834,82.63940987560856,3.73443009746451,1
95.52614809129844,9.056207129940322,80.72057441714144,74.52568845996623,6.700740432772676,1
120.29077189997659,5.896791634278317,74.37808983000689,85.84532047593906,4.311351925633858,1
125.87636730274382,6.778746376414228,86.24353359870503,76.44198327290673,6.204969284316415,1
83.61890770365329,6.723186700111079,71.6592276902006,83.01322957735762,5.034344818386163,1
92.25112231001337,7.307406697809101,80.646059258936,76.66545311450128,2.4376831710687332,1
79.4115173335985,7.815737212539297,64.80335661307885,85.46225756202747,1.539063961751082,1
105.95889748333164,7.860473488359745,74.76447849125762,77.22250636017779,6.453368496989194,1
120.76313383693943,6.416922561431061,73.25645742097164,71.02084753557097,4.876884507338749,1
132.53535578144042,6.832878286213589,77.25307922040942,94.72434720446881,4.893820366171735,1
111.11142170629662,7.2825799504883,71.30473071166641,80.89037122279892,7.3917276781875705,1
134.42923318356938,6.751308873816453,73.68527404328333,77.73744421004413,8.34688455326489,1
89.29847812677663,8.607345576019993,83.26047171441506,59.23695583461664,5.454910557276381,1
84.44926340967268,7.490974951638251,70.63235762761782,59.11692382536462,5.3188025861802775,1
109.16678451655072,7.734877786049817,58.93422899261321,74.92715482141854,7.000286066227767,1
115.76098173408961,7.662881268667412,92.4958390420542,73.45521197768241,3.2861288606008494,1
109.5095787785886,8.173473857485325,88.81454078690487,65.85877434991684,6.446306109495394,1
78.98836849940184,7.181021558703707,62.07737304894381,73.4098269961206,7.103771943644308,1
108.66319940730817,5.703168052044154,81.89707805245195,87.88626928043595,7.3604604168352585,1
90.4329574924272,7.399687951752641,69.97025229448657,78.95402474550299,2.12649459499507,1
120.04508823245058,6.348643106208171,77.6348721533106,60.589914902472614,4.477289460382119,1
115.49897369145272,6.471383318250243,77.94224129013493,70.88491172857056,4.243473494353067,1
95.90180320508966,7.586364018755093,72.65592199683678,63.950335191474394,6.199773908818426,1
102.2919962399496,8.238283071433635,67.16234334413603,68.12300083591438,6.961489159535968,1
94.11179717166573,7.021271576736062,68.0945894768374,67.86384334370358,8.993420814891962,1
109.05981354090243,7.308833012598964,65.83808084518758,67.22354417395995,5.010069039263854,1
124.32713480751858,8.702214944635237,66.68177791769556,59.44864628026605,5.004855003381572,1
95.21410930496684,7.240753179488569,74.32821709950645,70.7234531848181,8.299344037757495,1
117.56069773276766,9.601683114180394,67.84240010889248,66.3939236315269,6.59315387706061,1
102.04613572441339,7.565509645631544,81.8205206571262,50.0,8.535303022375947,1
98.10690751606484,5.239237240844182,89.87246155335927,92.52972024501663,6.5774560060196725,1
108.39454460068163,7.753341621104532,69.19946758629958,82.88769654216672,3.6857667625734583,1
94.4713651637094,7.381158384882777,77.39404500535377,68.23699275075003,3.333743290444387,1
101.69526041979228,8.289752754082745,79.99685110302934,72.18819049740598,2.896975501882142,1
92.03183161116728,7.6731813512699585,79.72002270919275,60.28345652682438,7.324103669516946,1
139.47087699374583,6.861544016016226,75.75955267916088,88.95722877810866,8.377193646174016,1
110.52895327957593,5.775701763710634,82.42682418359722,90.97288694773111,9.698724282772762,1
99.50411738011121,6.7909767427139744,79.82248952680658,73.56693728246525,7.68621066464648,1
113.20969866101333,6.1494795457907,62.62337577672702,82.23530644185345,8.325677155069972,1
108.31507925463755,6.419476550195277,83.69156064389273,73.75286778933923,4.839967334692631,1
106.68545600700166,7.58857840442061,83.87290837266742,58.63274561124069,3.6871683665122865,1
119.21250050065137,8.669904504351406,67.36713895821418,67.88176631036343,7.700158664835106,1
121.36261565070957,7.394671529822981,75.37937835447602,73.31927966771957,6.835361504478802,1
102.04248278584208,5.804116937964816,81.83328992811069,67.45452281256556,6.214888748681785,1
101.3627263903298,7.44460266822014,72.90686180420639,69.81346722564965,6.7747429612659795,1
105.87422454272534,8.196631486645652,85.72978047766011,71.08600442490885,6.646370964916412,1
75.47118252896622,6.390217095680618,98.6387249461936,71.19121502134539,8.567633719707123,1
87.27213406702171,6.865982833327083,67.14013967365018,72.52258490497483,8.589971169633912,1
130.50311401166786,7.014688194729197,61.18955396846225,61.39394933603399,7.0884407046806945,1
134.67451570251924,6.21510168691776,78.03818595604876,64.82983850872064,7.691605745125856,1
106.26445940665432,7.648280433843859,82.21562505126144,59.15415734300031,7.028125104849551,1
118.6483544458365,6.8790518513922185,72.69133626155231,81.778155496862,5.077660535930762,1
114.66875231815304,7.419532443907028,89.53260663321035,50.943530581596754,7.51312934982628,1
156.18321212682855,6.1125078221979,61.613942002767516,83.53590343316925,3.2110098622814767,1
126.79362367151865,6.56254169967659,81.9291862303161,85.86349397262843,8.107783104591766,1
108.0812361277885,7.722381357827771,68.94139179241107,68.97819413017379,3.61095412046793,1
95.66689339099361,6.627166847908233,92.19377906207296,50.0,6.571606573589466,1
85.90330519613642,8.726963851233405,94.92515353168119,68.38689438032709,4.309692083147683,1
113.05195453800835,6.600363814385398,67.33343412216652,71.35815838711181,7.1067779661488535,1
98.65473882073545,7.224684725751886,69.5044286409142,61.89401780071087,5.932149548144182,1
88.66619435603488,7.93259083187309,83.59587886979801,66.84781606191757,2.8104880836733352,1
100.3014067363621,5.581634267066969,71.12869350210485,87.30195198863352,6.8413992620369575,1
93.77677994578407,5.239191188019224,74.54588782067762,78.64927162301741,4.844158446334578,1
135.30712452608847,5.474343685429905,75.2538842054241,62.754358856219,7.762293441626738,1
123.22459635424175,8.262584103427182,55.80326843802344,56.02400830404568,6.002651377468815,1
109.88041038025074,6.448141854107553,74.86162253905762,68.72982682390229,6.790841970776077,1
132.1991620833504,9.558199285668252,68.10272225935826,69.86543220649561,4.084862089969576,1
111.16052461471428,6.4357524013426115,70.06877177600228,76.96199187363317,4.821335537145276,1
97.08073698007604,7.184551303197037,89.43632003468814,66.64683287432341,5.082722727797831,1
132.84686115904486,8.542109952567875,62.434931057207436,77.11499575361862,7.713404960485112,1
118.08365065526988,9.006092888159124,83.13205186747977,91.35154040060229,9.354754175610978,1
94.44130768510315,9.061503576636397,72.21037069668192,80.15501022444262,4.389656496514247,1
107.14491982874588,8.208366230593143,72.20239831504166,71.51911492669227,8.153696289315361,1
96.86572619922865,8.024062525811463,82.90371896051711,70.16849528946705,1.6606451645485958,1
89.25800403553495,7.592526949201183,78.4005129456889,68.43326865820129,3.6116211978154213,1
123.89266321297463,7.778361076166638,80.70612997219531,83.80640912452145,4.082443087626451,1
138.64124960705195,6.448814283671466,84.68184660532862,65.72686554048697,3.2949826211185553,1
89.02148639271289,6.1818011165776925,71.68691616816677,72.45222708999982,2.83282322042484,1
118.44453855035856,6.996625542589048,68.8776326549225,72.51197901881085,6.825997824275595,1
100.24036146317259,6.829815377475072,64.14849473442202,66.98215807188468,5.5718646045442775,1
102.69311924352957,6.546771950672725,66.74589470021044,58.27534452115899,6.75881079521022,1
101.11409113641696,7.696387447456715,100.0,75.22974503617668,7.380945372243026,1
97.04013845480276,7.955305208570511,87.44679580736786,71.38996028144616,6.531233986345067,1
110.7278244191724,7.088406886291847,61.489256337919784,77.0024046943657,7.315526352300747,1
97.53574825383444,8.477530081055262,61.7754204325643,66.66399693560834,5.860935427515461,1
114.05685238669759,5.858310885866495,79.81866061718492,84.20821298813048,3.6260132233885107,1
109.24642835826295,6.8063405407202815,80.47264797377967,63.23226218788155,8.115628361641592,1
106.41577929700385,6.283177679397195,80.48883835317365,89.12040284017893,4.821775734437746,1
96.38654506937603,5.13346338292694,72.45044206446302,54.52363490171739,4.128807402475148,1
101.34843004147501,6.917319314157301,73.745457399971,76.3477006455689,5.644164248391204,1
121.33086838738635,6.878252491616716,78.27879524159357,76.75430682526624,4.174378161406974,1
117.5137578143657,8.51344974324213,75.85893006293331,64.04442932059118,5.165139236021136,1
95.33667132802174,7.630811684554778,52.80699627252465,76.24393937861012,6.688107843126933,1
111.48998458143839,5.975813175670795,72.70200369424806,84.7951866976016,6.696683478492254,1
121.27080685057683,8.854092566334188,66.48593565739687,50.0,4.204339867148741,1
84.95892078317942,8.221033695525353,76.75211418908512,77.02744807490815,5.02458925410251,1
118.15040288569902,7.582097703468616,100.0,50.0,8.148666009540488,1
100.0606436158123,6.773515901150168,78.67481665474304,62.34335196476792,6.992800235467882,1
118.5589800288974,6.04056076327652,71.86470313827603,88.29166364900945,10.0,1
98.55111265186224,6.627793223928947,84.21801501977252,66.18217966607946,8.360256347483055,1
82.92676849003222,8.088748619704186,79.82687887209212,60.261200355910276,8.288586137119879,1
85.58686343175256,8.88458630593461,79.20094490451841,70.02062271015318,3.224262899088396,1
110.72127419992073,8.543243528272189,81.06850593215671,92.67906338163553,7.527720703266845,1
113.89583752582223,6.511150578213726,95.56543564829542,53.68317752793974,5.8937863966061785,1
96.43525062343387,5.880382566710988,63.69111564674084,61.48690088360655,4.898036392923501,1
119.57888688166061,7.1408862469112035,79.73632076811454,86.97431683179626,6.336030681065057,1
85.0771990659656,5.231560634437148,65.73618870018461,90.57702343537733,7.890423069222967,1
109.00880302029024,7.323167714184781,80.55512646342248,70.96568775709716,7.001663182008423,1
91.83475700356315,6.852397413701332,65.81313488513905,59.60947297473358,4.24305239731588,1
100.22245838296762,6.533963498131758,70.82633186394915,92.95843501809159,7.484917827185241,1
110.71098006974621,5.405296932733204,72.04910085762094,87.94442391749197,4.724824915848072,1
97.09379952074072,7.513600106569717,84.7581671934471,78.78946987762232,6.433366237928572,1
104.23166683655262,6.467299160338088,84.18454443942414,63.8759765106258,5.393299865045732,1
125.0943921382166,5.830083164289712,62.542826235536154,71.50970659161963,5.562267496528748,1
101.34662195715276,4.127737786718351,75.5493411099985,70.39639918955169,7.5324859500810195,1
122.53538168097712,6.972485094949364,67.90420145250827,75.30851304615578,3.919612560368204,1
93.05439718013574,8.772251596669744,62.414950893246655,86.51001438131337,9.890390148553866,1
117.94706266872925,8.66125921454787,72.8298294957563,80.79417041137403,2.3578278614110073,1
131.6235293098685,6.542903743413728,71.9151721154418,61.226239230152416,4.804664633490286,1
72.92533249809065,6.39778793963822,99.26716486345522,85.76496450019538,6.740423779883482,1
98.04657116794284,7.468774256075024,79.32959825360696,75.13132140013155,7.16862833287062,1
118.6560819077081,6.001614560811708,61.22382499245763,78.87065795858916,5.799048558856589,1
106.9543192093551,7.301791899819466,69.35225995829057,86.66540859278604,5.885218593996915,1
115.56718810056964,7.76608027838469,85.21383295429399,60.88419750486449,6.821100170655233,1
100.94022219926269,8.226933223884307,95.88442772869925,71.64174421293536,5.5378610450846395,1
111.2988468120935,6.899845923520047,59.140166877620416,66.68545448640785,8.786362515869811,1
107.66484146911881,6.796326249823034,56.20075614860955,56.32140574634544,7.678698228463205,1
127.5167309248971,6.122017413243439,93.70965175371782,75.4670997760492,7.74564870201127,1
113.8163126495182,6.17311964596014,78.89614177370903,97.11556551584424,4.067686553259166,1
115.06403993112804,6.773521108098473,66.31707268123634,53.59922255494247,5.841223151188594,1
103.821845508163,7.367365506816178,80.34629086122435,71.67719388950529,5.3990681025585925,1
102.6859066389126,7.913584626233249,50.0,78.40542935074774,3.9887972486210685,1
103.51162718270568,6.196821049319655,75.0337550659716,73.23078201656182,6.7203283678915335,1
115.91678213567445,8.492688568959522,78.27821172843085,70.86871947484259,4.924708484440367,1
103.68523278769605,6.728876398957431,84.2427013953783,59.007836365541756,7.310807659700474,1
114.34662285344619,6.978632705651564,64.86104047707462,74.32786742940164,3.8596168742113366,1
141.13101197968157,6.252788320852177,75.8568716140336,64.43236022984074,9.438081225683643,1
123.06687055147539,4.575759739727058,65.74575373940412,50.100782950214466,4.207334682815876,1
105.10964701748239,7.884045396361049,77.55383755674318,83.94592220513731,6.438604674400872,1
128.01820883245918,7.736843897092434,66.04653677636976,81.58385819842043,7.583718620776136,1
103.87886940467673,6.718672442881787,70.91899160839779,72.5166097685108,4.858719139599774,1
79.4281319723322,7.066990717224872,65.04184605209771,74.29074688205702,7.704937286865901,1
94.87870533623894,7.5159392177041,81.51136241823657,82.74318012715561,3.5416328043991676,1
81.93812118461216,5.437454143113458,83.58451116656666,74.24339656778082,8.90423539836512,1
104.72729773938038,6.470947322653705,72.65379430042586,81.04017554761315,6.028298529931517,1
110.27627568784328,7.794264679621827,75.38237994960028,69.0251779912615,4.80717718406224,1
135.14655968412924,5.745710576830751,60.51408585366456,85.11983738573946,5.401636455145131,1
114.90391060646245,7.293557932166629,72.00323351993212,75.20785725932684,7.617838538785438,1
106.71349206786704,5.643418195376595,74.49795382958256,73.94051943605874,4.831089416299124,1
122.44108371775233,7.466429982433526,100.0,59.29938911287968,4.501284621154445,1
76.83297036488173,6.964358517702516,63.88032974225837,74.86955854301709,5.556926804832524,1
113.53421837162848,5.384868184094491,89.64177238752437,63.68045082505549,3.646075774460064,1
121.5629779083045,8.164739354457172,84.96858773465809,65.61717273471506,9.641087815883632,1
87.82120631330238,6.265408423201951,77.80636404490136,63.846243716838785,4.8672108175705535,1
127.15631064810394,6.189747562985619,92.58620484195134,61.33765068100775,7.663233572360808,1
115.07744611241621,7.2005691972309425,78.72105472606863,93.24771403016962,6.4189401672955455,1
103.77068129148797,8.148637349428714,78.89159195667929,85.31339061988403,4.030931899036064,1
119.49172799159427,5.984178181021603,74.46879346982455,91.20367502144262,5.988090581574541,1
144.06039286706593,7.061679849847971,87.23568882418627,59.77104980444436,7.568005558621496,1
112.72799382587743,7.428816500330573,85.96469233810883,72.71253749910892,5.623477329827387,1
113.72330879450504,7.693105607263144,68.74322712503788,59.06492374795904,8.386225891702056,1
103.10958650689633,7.176441555277226,61.80752805401232,65.04305122802936,8.043030785563728,1
97.25233445802812,6.632972160916678,72.97019362604343,62.81873016583425,7.837829709316659,1
122.45503724816368,6.17240977935128,66.99961435602353,84.39584006441561,5.080686455454006,1
97.15874261136699,7.0861438830463745,74.36475425384644,68.0377032189824,3.840315104437026,1
111.07349355829089,5.927860988014393,87.37438134684139,82.68379333694017,4.772824789274411,1
102.83513829852325,4.078649516505393,70.4269834491321,78.04120889588518,6.392481881333441,1
117.18469738619588,7.4365598041576675,74.57176618688425,95.03638752104789,7.091573427064711,1
115.00493157930423,7.903934841086195,75.58022734808395,57.20555776860276,1.656857190479105,1
125.56309916386849,4.637067564458162,83.48430882205284,84.59233239786799,5.9837735967765,1
102.3497540171788,5.990269295290062,52.53110666015395,83.46440870400727,6.316178450646369,1
105.95187597059943,7.619154261005198,68.93299705234703,62.26621161972965,5.444911487368897,1
95.3185442632654,9.057495469711698,77.11283692279473,82.0713333647316,8.582547678031759,1
103.33560109885832,7.020793707675408,87.00078956426862,75.36144963026229,6.843560148501742,1
115.65950739567279,6.271997058770865,70.08097552493795,69.72523740046593,8.620383816161794,1
121.35482924968028,6.81710355889516,56.23447293958126,63.760645130280004,5.568078959299536,1
96.16752013733561,8.374876419148185,81.19711445966136,64.80890548550813,7.87495498501385,1
123.0440888015849,6.354035820875465,68.6463761117437,92.49812095785926,9.270132789055038,1
130.33456788207425,6.200807993349747,63.103333409096386,72.00682818957483,8.623386898545322,1
116.20152354835551,6.517256477817968,68.75654610286776,79.82130001531459,3.815716813142534,1
138.151937188371,6.046671391741287,73.15474642344151,64.09100618332447,5.492647844915238,1
98.3931620134464,7.122670315994796,68.95255335461788,64.2014705377836,5.309670589100407,1
91.33017945032874,8.62467845846956,52.944339429009304,82.81984809249943,6.978509070152655,1
83.31919626643582,7.323079273116029,83.97066196887133,58.50423788448468,7.372707110029066,1
132.44066467233773,6.7476464978737125,87.74875041278722,67.84786232094729,4.322214651948528,1
119.81548484531086,6.708188731084456,81.51521991339506,72.34027411072232,6.135677027833875,1
109.16622993634317,5.436809191303343,63.62314329575183,73.11372601840053,1.9601453356877272,1
114.19952939479731,7.883109777147159,72.98508466052482,70.20906714983843,8.88389001160378,1
93.11766429052435,6.922162802987198,74.93478684770542,75.95819781095923,4.975251518646613,1
146.6862796942524,6.819520086409375,80.9879438956191,78.92855755817811,6.111727879688994,1
111.93831772962841,10.0,81.68340488718081,79.3463754545933,5.380700572023877,1
111.64092191907339,7.298752908365686,67.65826201221505,62.14196191332174,8.29205515002683,1
120.88649935848038,6.248208949904816,75.8199555641356,69.15844902071203,1.0,1
117.2151384760507,6.573642403794457,79.57280404615241,83.94762861876937,5.966779315348182,1
113.35826036418698,8.148445709196755,89.55822322146767,80.94647187573872,5.788362485004604,1
98.14288316832032,7.113270410537765,82.04506539824723,58.27140548518936,5.092727224816635,1
117.07202535703993,5.561722021682633,82.89056687375519,75.51479900352201,9.452453091271265,1
138.2303674471255,7.919228934575203,75.8382662792936,52.2177475062519,4.225341082288457,1
130.18130069232467,6.331855914461006,89.10459145203504,72.4693490206037,7.543592354471322,1
133.89779939959095,8.873297776217546,79.09762795959497,90.97767016745976,6.712505577412167,1
102.33176485353222,8.08004806571465,66.3891208982643,62.521072827310135,8.523038505071032,1
95.15592769612128,6.552678104341249,89.0336997012519,63.65676954508418,4.665621830444989,1
108.11319619850528,8.281016361735112,81.97903272539028,79.6402978157286,4.534062201752482,1
110.83587368433042,7.067855510527403,70.56955978871518,56.571984847903536,8.192139814954796,1
126.41287277706422,7.8527736751222195,70.20507032600757,65.67244970114962,6.85064261666022,1
84.61303055427771,7.484732817294475,77.96575545140762,77.96441137581752,2.9101253066464827,1
132.9432547919092,6.153643345009127,79.63184795267584,65.65714152310596,4.921389971073459,1
107.62988152131516,6.356450167682538,76.97292265631206,69.64030012789028,6.772765307696122,1
103.5967839507887,8.029960817581161,78.11308673442885,79.44185710315034,7.675528443093178,1
94.81843437109748,6.665224667893459,91.9995737457638,76.21546083536562,4.641538693614089,1
85.17714992201346,6.596351536758004,85.71543152234887,74.66818396295402,1.0,1
122.34755875942872,6.044877420650647,76.90635591265024,68.60877720729961,7.046446371474066,1
111.09976950782605,7.423599065593461,84.41310580767484,75.70061115268956,3.5593586201120484,1
90.6505865038842,9.062524919243145,64.67476096472461,70.76267319900244,1.9653224037551773,1
90.57381841904575,5.932467085745727,78.97927049946809,76.57805609925785,1.0,1
104.96322951064808,7.024219456672758,93.0930634973311,67.03067974882022,7.627961720395483,1
135.0353228793409,8.412220555415429,72.81954104607627,70.17431025620459,6.257234900809933,1
106.10612972954593,6.9203586087542845,66.52366071380915,62.10042207447986,5.548687238575496,1
87.45285570322841,7.452371796249734,68.4791111140694,71.64992389993765,8.778048725925522,1
106.31385403871083,5.937606471853121,64.10366962657612,63.88999136371155,7.274649366046145,1
105.90914645378494,7.428307097207648,67.15238091872297,60.85953549838007,9.232600085443833,1
70.0,6.812855734995451,71.2949190140997,74.58661147855388,3.214529055666007,1
109.18557700223282,7.985729995679863,60.94432980821358,74.1273977585766,5.930898752092073,1
106.53598204686983,8.18738605156475,75.15618333949602,79.82873734948572,2.7665732501039715,1
120.44309547220128,9.589563642018614,84.02277173786648,67.68874430424901,5.541235336289065,1
137.73434142418017,7.579633173213575,65.9224381985308,76.08052846836756,5.502768292466645,1
126.89847544321637,7.325796316582166,90.19283923641768,77.50797572273663,7.253227274526141,1
105.96666964167754,7.194384301577336,80.10792088527595,76.44773807831595,6.091127762283796,1
93.40211136887494,6.6468337071893115,85.30580585624057,63.743463171978576,7.246814276559832,1
148.6003970487479,7.338483843461691,68.42165446147862,73.49363482271188,7.406880266277788,1
110.88827651021732,6.704598589860971,83.54525227066615,75.64140296054661,10.0,1
110.2089393786942,7.168460976269614,64.08066099604687,72.07178466907942,5.369406689427751,1
109.63812369334995,8.317597535607959,83.90247500836509,51.13522341628915,4.117954598667242,1
112.97127141151782,5.993457434720359,76.71839339793532,73.6048962397348,6.492167230632818,1
107.83459382114086,8.139878561129045,80.53251219984784,94.12531039397243,4.395439945720913,1
101.39506989679646,8.317115067339865,63.24405394375148,68.39960731243018,8.963921536873071,1
101.79711588139412,6.881931473008922,66.04930157723395,64.7192290214468,5.433563922109535,1
109.50870094676003,4.878145100991405,80.97228218253385,75.73348559711398,4.868847264252019,1
101.84862843299352,6.392178012905568,65.51651995775799,75.12378210466572,5.057368557697764,1
99.30731325984253,8.296994546561109,79.63206292099123,83.92735165416414,7.436834846943282,1
111.59645341537845,6.977131937701118,61.32862193539754,59.42131844091112,5.68450603353703,1
106.17534173868717,6.0006977677050894,83.48174212666669,79.31380252574992,4.716666359739236,1
132.55989482874034,6.4952250787717825,62.67476685231491,77.90422061251464,9.330703835247062,1
70.23545287410482,7.840620026504553,80.52299937679523,70.57853463059453,4.2876603186765,1
126.37260277883692,7.546733568201379,81.25630933646,75.3868731792169,6.071132148065987,1
128.69127788746442,6.761067900830306,68.03228181570425,82.29457481598357,7.304612303220461,1
78.89914651387775,6.6331755881853125,80.82026567084726,80.7231538002845,2.7373297791658535,1
104.85968608879477,6.608241850956178,77.60442263333556,60.569806879262714,6.96052100281185,1
104.42838701006313,6.077589815501497,69.61158143807262,80.20158186755485,3.8897846490391013,1
88.88732457923268,8.615375689469442,64.91445315923792,71.35311394967482,7.645565561668005,1
98.33274968613686,6.6776795307886605,55.373743083274206,72.72874098015515,4.074697976162048,1
93.34136231801257,8.217158520825496,78.49650047299694,72.73196991001694,7.385538063697721,1
136.28405665135435,8.521316051922451,59.35197228637945,70.4975701120174,8.211666132589425,1
124.03517589721191,7.9983108981479605,75.95344199441308,83.91707497107065,7.72287305126561,1
129.07332642491238,6.5683796872819515,72.36551783917751,71.16282040150789,6.502633296476205,1
120.82508096064853,7.40373009033661,81.79142775438196,60.80453871616831,5.5373981141406015,1
93.06422343174157,6.975804393609084,71.97954500510136,68.06470144030271,4.847160847330312,1
102.1321960058034,6.096298139269872,71.70552213652908,73.78694716810476,8.942069381634209,1
117.34061841841877,7.324359281721603,82.31870704288295,84.29214784297051,4.601009559664714,1
91.66808286662082,5.820960208840198,78.35058029084118,78.03094684948833,3.9258678528600077,1
120.69497645258582,8.187679388461564,78.16155957182778,63.49464721252956,7.33073787006566,1
106.39511902762797,6.535382702701607,79.69267589808527,96.85189916678891,4.4077263936270095,1
104.37768788675604,7.201159655872839,59.64427876792894,74.6477531097798,4.099873005067746,1
120.66439952305237,7.283287871546142,82.56788679986983,84.75390737999015,3.11279147566047,1
116.6639496722906,6.741095026295922,81.12468794013603,70.48285566422771,5.034180321078964,1
104.5855075127138,7.586693801475275,64.83316871423503,77.3335924470545,5.834569952207014,1
127.38994705046372,6.525096343377475,72.55919526325799,80.39468504518405,6.486183455321398,1
93.78405008600154,7.871297297457244,74.6069271237237,84.18194711754256,7.902612488598967,1
119.23903410416395,5.6540203197532515,73.65503215598267,82.57368305378225,7.053795847331587,1
118.89651886952575,7.126379579546412,78.33859966568535,80.72197000072978,5.61825556089364,1
105.35680341029014,8.938928999058284,89.31366781831184,68.84913268805892,5.60360864724056,1
114.89199533363177,5.9996686753944255,85.81766727672829,66.28253958043939,7.020314937830367,1
91.23329635422046,6.322255029475149,61.87780806568594,75.32607510324198,8.545140325857139,1
123.86040528810352,7.513907849658915,81.22069990306049,81.33128072341069,6.2526283989664,1
107.22646795335517,7.179581781939598,88.28933319535409,69.77279299223393,5.061738291579182,1
102.1591546922144,7.350630099273559,78.86808520689203,82.65171965714387,4.0142679978289095,1
125.73513838755333,7.489187130147664,85.90980425185967,86.52616745486179,3.109589471175549,1
99.4348446418586,7.63472146856177,95.12270445700764,62.83679080926581,7.3325393440870466,1
88.8730805545466,8.109699841956223,85.23709546106981,63.630792962037205,7.155957047279115,1
86.65056239714144,7.409818656928513,77.49308595641729,70.59624941094664,7.154727050213323,1
119.0901492701846,6.7587423453814575,85.45088474084753,75.07612668189196,5.742681107295888,1
90.79355971255575,7.672573701202731,76.44887833096891,66.75432986232948,8.813869491783501,1
136.32191272976547,8.899881934895216,75.23903043284956,85.52202678867144,5.031763010830365,1
78.77105888174417,6.867366253617426,71.48585764286267,76.24066861518452,7.910538474414411,1
135.44684552435058,6.025470695329359,90.63413358832108,72.3944704824074,5.922514210020914,1
113.16526200803928,8.107080669286972,66.81571334057999,57.64090476131472,4.783298470641325,1
108.54930332194411,6.879618836046402,90.32367724678116,58.84184183572493,7.185060614635523,1
101.82621369786575,4.827330453985963,79.99864123740372,74.81009250281807,6.819272237367987,1
115.98704171528107,7.847421677150422,61.006938251980586,50.67404373845164,6.713945518533852,1
109.43547946362727,6.464671814046078,78.67649292991422,82.12637409644071,6.162556844112397,1
126.54952823024783,6.909466717695839,53.99973492348376,70.4184615562768,5.924213836566338,1
111.71341472993059,7.3319803305690145,81.25508016831036,100.0,10.0,1
112.25452642192816,7.190499679779067,83.8523148298899,95.07916250616111,8.368513290392347,1
104.54581681679217,7.70945181713904,69.07644044347947,70.18550930752484,7.445653789971024,1
109.14581564418398,6.564513629430157,76.23547695955583,70.93662997468685,6.223598316406776,1
114.6170265333809,7.513105798176083,94.54157433750287,81.95581514002029,8.014314401193339,1
84.34747411015061,6.740453322416083,69.94253295738064,89.03172609918037,7.035989552782904,1
89.7772186684143,7.738810480887503,64.410924129434,55.61970942563983,6.052409505548071,1
121.14896141034072,7.615367484013054,89.81663402462598,54.13624534645314,5.3928713494681695,1
112.56298157191912,6.064561297955405,94.62587190530795,65.77965194445619,5.838165324674623,1
107.24024995470981,8.085982116175032,75.03695671847848,77.82737583173865,1.0,1
110.27650899598089,6.464036554885952,85.11463035408356,76.96873590507597,6.421201678595284,1
115.21372558042506,7.808057798281145,88.41475915530881,82.69771454983851,5.023047839779281,1
101.90360479535957,7.367287313401341,67.57515767461616,60.003024716346914,9.185339996565768,1
98.3254291189653,8.838183676795122,70.14694164632132,50.0,6.038688141623509,1
112.93767882646523,6.776534017628148,87.30874513154735,80.58014195302145,3.6220731609300763,1
95.32440833577452,6.650683203881803,91.85014278708509,63.71803727034765,5.9002396917437645,1
116.12379133571707,6.980580394112267,80.62880860174354,51.81512135611362,3.9077578298749915,1
84.46124593643239,6.696820217165724,66.20185646497946,73.45063745959382,6.946814831424933,1
125.43733455988465,7.79994190194205,94.87061111699441,79.93175688218678,6.581894728678971,1
117.08896223619564,5.383689391563412,69.69029102188036,70.77942867878723,7.9156792622165355,1
113.84044601470814,5.946317580853646,71.64862218828549,67.42151613817511,4.418236416610869,1
124.74036475918271,5.932197078420807,78.42337834489622,70.40637767854093,6.068016192456294,1
134.98211666693865,7.9503075919735755,90.54160420714774,68.29417237599218,3.2699564091467295,1
125.21555097527195,8.710613372581925,83.53975976552223,58.51952888059833,7.402989563849429,1
82.38688653002532,6.8955507814625285,79.1486550036191,64.85319323009568,7.0377423608802445,1
90.80634549896448,6.83117827680999,79.63288530118106,77.21279905013814,6.991610042055141,1
100.62772133456482,7.070052163113181,75.43514668643466,75.216785413765,6.003238062713883,1
110.3913657531625,8.16187830260819,80.58139514518507,73.6805980596682,6.829545781577582,1
117.76488530703685,6.072646865809426,50.0,62.04851518146621,9.208678216617193,1
99.11384280269802,7.2383689827347855,72.03392540930201,70.18496837864333,5.429811485915972,1
112.80150146715617,7.975197629782429,77.4132193491678,50.22934953557145,6.277290367420169,1
98.66925601470017,7.5010941699398455,63.48985916380493,73.7847666388539,3.8277474016371804,1
100.82723295512078,7.189581616598743,78.86323317811559,86.28857707813567,4.263478076803335,1
88.90008354727667,8.00104609256714,72.95528779013878,57.25867867957894,6.195626586186615,1
96.15150130833644,4.296767707000763,92.5547569831549,66.14072326682245,8.207867093403815,1
89.724730915755,7.677875319530908,90.73019725214857,75.2910677871013,5.487438351496855,1
95.36190120534,6.345924316872576,70.34194430881837,84.52842634427483,5.528166941375752,1
125.80462694911759,5.169367103143543,73.49162288433304,67.51775383699851,5.18622951099125,1
95.75901666752085,7.511202599524981,74.26052434391607,65.07749670734104,4.930486658311354,1
149.48573097256087,8.373658545162957,70.48340523840378,52.31076857583917,6.589942911417643,1
117.39976851321333,6.862551485372308,76.95024984028127,73.03438129308107,3.005484709642711,1
112.77254185542311,7.9528745472029385,67.4171793111241,92.42076040143743,8.561879153333456,1
97.1246332972818,8.612278257988645,63.693846650624735,74.77358461964675,4.669155403741079,1
120.50464819113488,8.314914453584047,81.22711223900268,71.77721020816287,7.443806970876283,1
101.36543260643339,8.639964529371394,81.29529584221811,75.22082310766986,3.4600028052122482,1
111.83014721968043,7.7421274910718925,66.95684240340007,71.88907996051398,7.337680261092436,1
148.40126807403192,7.075433638901592,83.95355430762599,63.8698562773987,7.3438892156289945,1
108.55910150413025,5.398034188102832,68.68422270834668,80.23279915677705,6.768404144011793,1
127.23909989428513,6.753937511870052,77.53165238037981,74.25761523111754,4.011142956400415,1
99.45235362311169,6.156753404683808,83.20344012612456,72.17613251933658,6.499096379196154,1
109.47517264254557,9.170942717497814,74.66387435296286,62.2463397272175,3.633887630531222,1
136.56200953453265,6.824114187567663,79.54740912141135,85.03507931934759,5.494473489807629,1
100.5954941331835,7.123204806784486,69.83570356112428,78.6470274533311,8.058826201910652,1
137.18672836995393,7.551485376040468,73.03533416571902,66.47079162632699,7.593403854141484,1
120.61627903183214,7.043602446372454,72.9414056911966,82.01824853681937,6.030365885080866,1
101.56299836158598,8.695051040430753,67.53421653459762,67.02429161614793,4.050386848154316,1
119.48611608583282,6.377350638265548,73.23225836884218,64.17996507488964,7.291175424348387,1
124.58831674440094,7.194607455237243,59.51381701136253,64.40296882519714,6.038762475396051,1
119.32714943325794,6.257529414301952,70.08846252857896,54.28931446911909,1.3593688035391533,1
86.44662920164316,5.679977488779294,72.15124506630329,76.71542380418205,7.565259652633037,1
99.09294236262697,6.388230909094714,72.4382024750462,53.6885512166165,5.951534332260616,1
106.28722046672743,6.962963202951588,72.58502554129221,59.71556168734237,8.404902495966144,1
108.8834985634993,6.57069777548274,74.38235800139871,51.24411990921467,3.8094589623143906,1
119.31008146326018,6.307579020126144,79.79441518086064,71.13930307209107,1.0,1
112.66551501399881,5.593682536328166,83.74517074132523,70.49679539728128,6.55816771669037,1
89.96983461934849,6.9168944273713056,68.50234773151733,68.73303786813636,6.583127353363945,1
115.70296776508945,5.4952796259689975,62.967991446108556,61.57422305329423,2.618656744787096,1
119.15878617925735,7.760055963689602,64.57955587756896,60.2776624656336,4.043000908266787,1
118.3968567189656,7.082439752934503,70.12797078805073,76.64369863546574,10.0,1
126.21171088331933,5.54244850053507,71.48078682183491,66.49448068291512,5.388778771692393,1
122.50883231823356,6.6907909229501366,67.30003933802543,75.16358321536144,7.461917952752432,1
116.88770118842655,6.247843594409417,62.038833357501055,63.14751313875777,4.698680345263233,1
108.94751432812029,7.31917451041918,70.43879172525811,73.81062742771083,1.8193942022936866,1
85.08558599726013,8.340450446023144,76.81426620113972,85.03278037316063,5.659483506408189,1
116.44427328698879,5.124827530354255,80.95029465835565,77.86165800392783,5.4687908794277895,1
113.11531530744666,7.115026079147417,69.42576946891678,67.8758618178352,5.200243522663257,1
114.0736825579306,6.83986720443336,70.87002177856566,74.57198970355927,5.770718328987215,1
90.84877136269536,7.671340076450465,65.73301691152689,69.59334825469787,6.528536543291273,1
93.78415189387607,7.213196628237689,74.68560829625224,72.07880184694729,5.699766097492387,1
125.79729279999356,6.248030668261181,66.51571365809185,68.74388947851496,3.4719876641052725,1
109.40667269215018,6.680946064333382,80.731278132412,70.3566479411461,6.972369583123878,1
120.22251046058936,6.203974143196511,57.14133508065889,74.12093353074175,2.1012564893551535,1
110.42477564195691,8.076007138598598,71.40370327547538,62.06641300418049,1.8992850854315995,1
110.44634209243618,7.021311648671942,78.01107339191742,61.84121173010021,7.478360989403136,1
124.07425708963997,8.901190685753008,76.83834516322504,58.11457446168789,7.014040544270713,1
102.25932907673939,6.9393391861853795,100.0,55.9972889549629,5.885209269851928,1
111.44181165411474,6.291593233089538,78.49800024567908,59.82717307779521,3.209102990489856,1
103.06587066942436,5.486285607387173,64.9594540315799,73.5946250680413,4.584178118651849,1
103.48255658851527,5.196860323744055,74.04535752910927,63.07212484508116,5.474506504626992,1
105.3624181479704,5.4158640569945105,57.23753666533548,77.13614464231097,2.8082120628517733,1
113.3320065745057,7.267126651011483,74.1940025070324,72.34713748752561,4.521942683953534,1
102.81877067504784,7.508725023229934,66.66943942999241,52.31495786561946,7.304660676353359,1
128.8363418836028,5.418809297967867,84.15390275560162,78.5497558422169,8.854610728578432,1
96.58089046670744,7.895038314076116,69.50459725404465,80.1079864559171,5.161130494682899,1
107.19692533757961,6.516938948316561,73.83234084204753,62.06137325165147,7.512976708632197,1
103.40403412588738,7.146793011985549,68.64442158595597,76.20191542894992,2.1718798588250654,1
131.704668265306,8.612220628255425,92.38851351853332,63.43501762590801,7.318902482227223,1
112.94832164767362,7.896839315865532,71.78757233882088,72.97670376748336,4.392103170545038,1
125.47766809202952,6.731469352094168,93.32557043479201,59.35501593045034,6.6146912334159405,1
87.71659440444542,6.1088077745847125,83.14151762118266,54.06893547465423,5.504495163520581,1
114.00575398803889,4.848184598670695,79.82066727335386,68.17182810387031,8.640828019567667,1
123.34446193435156,6.28084668075758,78.68733147317519,70.76271053725164,4.2511287033201635,1
111.23425983913137,6.788869761172306,78.93797298216252,68.02320306385396,7.255212595123663,1
125.98220562598027,6.012820472848816,55.7232742065439,60.1596944177744,5.440985073406933,1
102.24067324849442,6.8687430329076955,72.21116605849244,68.00100937868864,5.6833890439806725,1
131.1402116027837,7.076851882958768,83.45157971184321,74.69294752580734,5.6322922136815805,1
144.48347185428875,6.775144018191922,74.51102816525895,71.55106969877463,4.308653791011774,1
104.55742159340511,6.349997419176541,60.94810153196425,73.82501030599214,5.971802068186657,1
103.31746217898842,7.168654671966728,74.4759554942253,65.29884799545768,5.874703555756357,1
131.80076715676552,7.441940649569409,92.04105516255491,83.7171791471616,6.482480496813459,1
133.69358218596068,5.9096009225571535,87.4689171553472,60.238266634452195,6.169010291385725,1
102.15709959270097,8.41093237974627,74.37995990633968,76.87560297086719,7.5959890992244725,1
103.69719774356214,6.901411867715738,84.51449277058086,83.81891092959961,7.847017232094737,1
105.7732308670924,7.018849622944848,71.33492979631949,76.80908092748895,3.8987533563443977,1
89.83324233448585,7.708214423256557,57.96128413173281,69.9747577293517,7.737545001181542,1
96.22022080273703,7.233216131263502,65.75534011870445,66.71702953337021,3.627327145780291,1
94.93788849871898,7.953136633913245,90.62888768508198,82.36087651046256,7.17571177627547,1
98.48303652343807,7.287124165201824,72.26006918170695,57.77025074738327,7.239477569405738,1
109.47972668919829,6.387562625359562,72.56616020624982,62.29875739620356,2.177366216674992,1
113.5132209880478,7.361503525206102,72.00161803725119,68.02442234508278,6.185958493058819,1
133.25750739221115,5.856273792679338,94.04136589573007,84.37653757511998,5.063007773279368,1
95.02468938891813,7.108559705776523,91.25958915362062,75.79767636040896,4.4824694841292505,1
124.76483597714875,6.966770009355539,97.18780233448135,62.31954241489755,8.701704661398011,1
106.79016733661737,6.79188314272746,73.40954789599948,68.89692294615097,4.692641718725162,1
109.2580443552135,6.871462488561069,77.95624488747094,65.85676855903705,4.3872461417639,1
120.12229238249905,5.118150954502361,59.833574505792086,64.90211007766464,6.1513898800101865,1
93.15916967656553,6.4512750922590385,89.76934426118274,81.78889558556779,7.371179492596832,1
115.73614619276076,7.092844901141115,63.32220448732065,58.282568707364945,5.716702827979746,1
112.49678312319584,7.1598563919974,77.16775563762629,88.08780855734373,8.332741091338505,1
117.38676896012224,5.972324859074042,64.02697472367156,80.28229690184622,7.061951323928181,1
114.33752965861727,8.265707840864701,69.11133173261304,82.90861670603698,1.6435773605371393,1
146.8295020986634,6.1338251517855,66.627375689503,67.37060487974742,4.941066072985984,1
100.43390023623026,7.969457200526737,68.92124739324183,70.50059280920891,4.876315801296602,1
102.03504567497274,7.427194361871685,69.60877296851021,57.66848185475288,6.958721906858845,1
100.65289210362853,6.353772690156197,69.51731205074923,66.75337592933197,1.0,1
101.66784321259618,8.775310892609513,83.33333911780306,76.93654847643151,10.0,1
100.43919309040223,5.80636316824352,63.9513720693748,84.96063061781396,7.06205218978842,1
127.83524796661328,7.919154173610002,77.20541427013868,60.92843183197549,6.297753607835382,1
131.30756371984782,8.000582318042978,87.17959152305559,68.34494063014733,8.363135432838293,1
101.43880559375785,6.329379790923355,69.86803635486604,70.48700779767478,10.0,1
97.51466640343656,8.392465300064329,67.82081109252398,58.04210797807515,7.741493289176806,1
117.07123334579606,6.749953485401047,72.69475374819748,77.913492417584,7.89762619294324,1
101.71665433578544,7.288693629279857,86.7972520836071,64.7600966825739,6.261380048928765,1
119.49397726633266,7.260321838771221,76.94107630953357,70.04609648822976,5.716948493266104,1
113.04384531276949,6.865691258529452,69.68785705392402,67.48050628088123,5.048409111990198,1
87.26383827504152,7.8108082731597825,79.8387665118804,64.10661494280326,4.347776016570916,1
133.2125780199509,7.793488720552213,63.977078501635766,71.92955014519445,4.625971800601006,1
136.93816509643284,5.2514680267618195,81.81359510442948,69.84390421431978,3.2988880713140336,1
100.80816964273421,8.304340242878153,79.08607307701767,68.28142117721335,5.848257098629953,1
104.18447660096024,5.337508011964326,71.92191528861116,64.71538378319657,2.6306648455472263,1
114.28798086087357,8.032546204341656,66.61414201552769,75.19524670782955,6.3818330482874215,1
115.01685184980538,8.126705136827583,66.13319077716542,88.53617268492285,5.927338783915316,1
119.87816409009245,5.9090335697848015,80.3481733634591,73.39887232839128,6.293870596773376,1
140.15306808149523,6.589185712045415,87.28980502489063,81.9611821491113,4.955736859960015,1
107.34579158758926,5.894295331514064,68.62692252971205,58.097780748465375,10.0,1
98.0255413319232,6.785078969711265,79.58386703551484,73.57761439293769,8.720231800360626,1
89.31021157978209,6.691965715814259,54.12972981397931,61.02631681028933,3.5109149998305544,1
99.0360494008712,7.7796605322693395,69.153822693428,57.23075072468099,6.465736174853797,1
109.50309540689304,8.310308746119608,74.68941067129099,64.60628592540964,4.783987714125352,1
136.9183679527668,8.395683810789956,65.90316583018166,83.91899334413573,3.971040546585172,1
102.23583051445743,6.437831973421698,65.63493625210404,81.50015828669646,3.31985585775213,1
113.35681927458347,6.790778126255472,68.32220443531114,74.430047220544,6.8644333815185075,1
109.75365655890872,5.31656180777905,77.92192728326373,56.672994401100695,4.637239529860852,1
127.82589910172126,6.194129933503811,73.12670981593625,70.03719348612063,7.935652048050408,1
147.90398638810433,7.9648516330974575,52.61768766675028,75.01700008901736,7.987564429060878,1
102.03696840619519,8.615582823548232,53.792998473649334,73.75536229578599,8.747828770422899,1
102.65840836222667,5.765651128120078,68.93134822142825,53.56206416519254,4.295226467851792,1
125.66241315603608,6.407535740847106,79.57686586053552,63.09682151980128,6.950731221384021,1
120.22837234439467,6.973594243041073,50.0,71.35922235851284,7.264908433284601,1
137.7006098860405,7.280161158819607,70.00269823848369,77.3629090951719,5.05164364979207,1
118.75892277988946,6.190396480078354,69.7375214348258,50.03872178900053,4.45645608521425,1
104.61061863819411,7.424061044464089,88.88337778208448,70.37876024520142,9.219041331551946,1
118.85982246038463,6.526160652929084,71.14978188287137,73.43048769878952,6.4549917514641075,1
126.63055370874362,6.985547729121721,78.82988984740929,80.49611988516213,7.271935501423476,1
122.30723271796046,7.546284248003699,76.41257140087463,78.92857584237437,4.355847976344145,1
117.60911046660947,7.006422269810938,53.694335201928,77.82571318808806,3.5614310669556124,1
126.00012034383731,6.5636141094734315,82.68207216631737,64.00059493298066,4.861100451015779,1
127.5394338566851,6.890390196074169,77.15396505456287,52.91997862876693,5.751957225220006,1
130.7323848655629,6.911637040794664,80.0826863967459,68.069472429386,3.8715599863653023,1
119.73064831384464,6.629988970117872,100.0,82.0163182520856,5.980310382699234,1
107.49322879524719,6.741203937332898,54.158870605014116,85.93454527524432,2.622989623863,1
112.20070529649985,8.598647170504718,92.24696649761108,79.10549102297786,3.7599051550602556,1
128.09763449762536,7.560919447941239,72.12552480599645,76.29340822801734,7.34182249655375,1
97.74596493519147,6.704519681970839,77.87328904403009,75.79639648385965,7.207581040555788,1
115.53009963309351,7.696954404510736,74.54487754698758,66.43881253239219,5.216246469226268,1
104.09991781508958,6.66618051024399,70.75763666601956,70.6993970644638,3.964471381846094,1
110.43117234402226,8.17312463758664,69.30167071761241,88.6906952582633,3.945192896947978,1
129.17677793910948,7.369642192198094,78.29508735573009,62.574419942081235,5.253463508117372,1
112.86648602029855,6.892697855995771,59.82826303328321,88.14778790709852,7.289036983290583,1
110.69654822234223,7.447716925810278,82.50579167521765,68.77971845507942,7.856491382688649,1
89.60215788530121,5.429123847931501,70.83805595114745,85.25432109095078,5.006936529036062,1
121.19380349040831,5.873232531090195,63.69930660959642,57.93184990502462,3.6930151480304323,1
119.68226271711613,5.806074993600944,70.49987142004187,77.8590420116465,6.535687275732666,1
142.44882084958192,7.142943094763707,87.57149216862572,64.63229864052379,4.352930058748301,1
105.38332647570499,8.732514999485092,69.64664912983777,57.847328080758125,4.963494722277595,1
113.28725491495908,9.231300146192632,78.5845361820962,74.18534042410946,8.650552180874076,1
113.74075525566133,7.638051101440757,67.69043724284526,82.09471788595968,7.654230857131536,1
133.6617991964521,7.500844474944457,82.57921849923619,63.550585614065035,6.315948624502903,1
108.57056701419572,5.198942265847261,81.85507738790204,57.00984039541599,3.4561619977745544,1
114.18532288655508,6.457326200265978,93.48608833296412,71.08155235665045,6.422793134941318,1
119.11844764574809,6.212216248091761,73.24436054500785,71.12564671222819,8.125314581575052,1
112.79913684734537,6.379152401748884,81.68654804757907,77.48319627554498,5.248732668468929,1
103.30349578174207,6.83185618141521,75.98067539538944,81.49594571364489,8.70222817997343,1
112.91134989347461,6.527909422302873,87.95871781863015,71.40584818727505,8.585490579036414,1
126.10447624789659,5.020700189624212,67.81167612391269,90.55503314794262,9.327465664286947,1
94.6022705088341,7.7479102561175335,82.45005312877281,74.24234744535292,6.610486253062706,1
111.99454511220314,5.927256974260193,73.05302703883318,68.535734939931,7.174783399612025,1
99.4981877759124,7.239246864111149,74.35811822891502,55.88432640897172,8.82837457666218,1
127.92569943387264,9.074082669749973,75.91752484448372,69.37340479683833,6.894787874137951,1
87.15219642824337,6.080615408413577,77.52240396426677,68.63613054588863,4.997531784419575,1
101.61617229092617,4.469712477253671,73.83770956878041,81.6030479628147,5.102914326944277,1
115.65817812596781,6.713995778119889,77.14713183170527,76.62483624066854,6.4771099075474785,1
133.4828604385151,8.10095963499857,90.78118057562185,60.206308783673826,3.4188771561075626,1
109.01374608390519,8.958347454220593,84.85449685615218,73.72254386411038,5.7134821692716145,1
101.67200709960203,5.770450405547583,83.69154592496896,78.71531171729053,8.193094236460507,1
138.21735604160887,7.496699223236522,70.44460473976129,87.28031359387833,1.617492297669438,1
88.27979149375633,6.5346895432199466,66.10759171771676,80.8750396741406,9.06896420358903,1
77.01791065069878,6.894051645695864,84.55300558237752,79.60846654311477,8.244748437406319,1
116.60021675079999,9.644343347017035,83.76046792529795,72.60085994615163,5.0804707683390475,1
102.46918663471084,5.497029671604847,89.72670675750982,75.8831200542345,7.08678165574362,1
94.6815077430393,7.253739661494573,68.9601937403077,84.49504900706158,6.006295453812653,1
120.6253467094903,7.467693171765434,72.70451344639653,58.6722260252035,8.459980736877366,1
113.65701070656799,8.085786324939347,58.605158374745656,68.50560672783044,7.965366285539883,1
101.53882053894907,7.097983153470896,71.07528893939127,64.27431251243759,3.1998585536339816,1
90.79543401993658,7.308050539504102,84.96570510579447,75.79153118726124,7.174524826928353,1
123.08685992420217,6.608351432578209,70.33504620771802,84.30222175650788,5.588744292713505,1
119.75301766937991,7.269126941245108,81.40479795200824,66.03025713278926,6.1656651410362,1
108.51236204330925,6.656807724502589,73.09496894002189,50.0,4.5436561980603685,1
137.699554940715,7.6215718898560505,78.2405702822156,67.8777925497553,9.49627413824167,1
93.94872850510771,6.630389663956366,63.523086101843326,81.13473732017407,8.080123639805151,1
87.11712243612891,7.377100393902187,75.852094496339,77.3762990294988,4.520457672054065,1
99.62137895178134,6.970737186315022,50.0,76.28186247810577,3.330778786179535,1
109.31620975466754,8.126050250772169,73.13103841838016,69.2000669812552,5.228654738044304,1
113.65009173984038,6.948606276411514,58.6952675628486,59.209692637802135,6.869005292182612,1
106.38145913215506,5.226967531793118,87.05994516546816,77.15294321624468,6.480411687892446,1
115.28083094771445,8.261921500713992,82.77407352764511,63.65718189965375,8.506265649536488,1
91.22690863714334,6.094267699137381,79.66670981966081,93.84096733380457,7.5798394443617045,1
131.6564690610989,6.34623366135118,90.2100622715938,77.70507208354516,7.939138051505814,1
108.76773232411146,6.404338705956508,65.51083479175162,66.1935169744605,6.653710801220875,1
126.75943747382192,8.374438093170816,92.47363197915558,65.88614752611372,3.2214025395780195,1
115.14088019566556,4.864325786021304,84.32191564260384,71.07055793386412,5.6086029377061974,1
116.85129828730676,10.0,72.63444712781055,69.60498077978251,8.120179479817331,1
118.54650920348305,8.056056809066051,86.35620147182944,83.16833775529955,5.896954142950708,1
116.71562840025973,7.223238914129159,63.93706487588366,73.86416169744047,7.006180737247494,1
119.64084139801315,6.945105999383713,66.75485838472326,64.68368261091472,5.362503369507734,1
129.93728795198646,7.285554074857657,68.914102767603,90.90440685155782,3.94037630291631,1
112.94781754552206,7.521122428379338,69.71022291935985,72.49308331520223,5.753311871907779,1
120.63505636382769,7.645215585950057,64.43442357239748,79.68839675968897,6.6180948860653075,1
108.6539645856916,7.555604466003448,87.23083067095325,65.91773492555241,4.688624561077113,1
131.60175823174208,7.089580681255248,72.41145599630168,75.63115627744523,5.528577510286663,1
99.85411546911095,6.802661579692674,78.5250496835688,75.11109991143195,4.1210735160280345,1
137.01410649366224,6.848726716346488,69.2964863358632,53.10350707903847,8.238489835128192,1
109.39763074033485,6.805091719647319,56.79396699451483,92.15275110460641,5.411088484823932,1
88.53837346822928,8.133770096867064,77.70057358391422,84.90644460922547,8.905511090252366,1
111.92156622366184,7.593556722280862,55.87745024580223,68.02804683854012,9.057495701081816,1
99.78422513787679,4.059611365335719,74.31365953914532,60.977302595441444,5.837908070556512,1
122.60965323483086,7.655900776529761,61.3168496116719,75.47561613803552,3.9831025349053006,1
100.21064031046413,7.194736194718775,94.87275999230808,72.86697699414397,1.8282042445333255,1
103.3072485017783,6.981291243554103,84.11362722174722,75.55668948563229,3.055925853946417,1
81.65688903581703,6.611481546911114,76.0575379127148,73.9157739619409,3.25233035020268,1
103.21540521126386,8.124112719986014,87.63706677654669,77.06240989305925,8.75693925492301,1
73.64181010056565,7.947526462122858,66.53684022534264,86.47305699391806,6.231649174453892,1
86.24145764771416,6.227122332176391,80.43479378670094,77.68103205128646,6.779209048183976,1
121.40621984216446,7.407052287124535,76.99810433718713,61.50344501090059,1.559157982129748,1
121.78700237976248,6.028343265458714,77.6402008133367,85.62562852712452,3.604067141565477,1
116.38186342677447,5.620381835211069,87.72353500106767,88.40614563488288,7.7741595528925735,1
95.4953578530618,6.3732827754100345,82.32492102779803,100.0,6.573548224765172,1
109.2843296578703,7.862393472382759,77.88723662825024,60.76505966760402,5.705589442628805,1
109.94596191364147,7.953125045376087,58.45112563771704,74.42882013150275,7.129684717200245,1
92.62452966211185,7.513085420097293,65.39953704720537,51.17901296811013,9.27159561227163,1
132.55097452650728,7.725095786847997,73.77291066404275,77.53149156379209,5.557915072925899,1
123.16043435863507,7.5161782871149585,75.93372374276652,66.51799701833227,6.138739605316139,1
106.68553739255503,6.3585184047770476,63.69796275326076,91.23445794824953,6.3851938374626105,1
110.40328758491796,7.431922544673941,99.11676675578421,64.25385029981418,10.0,1
113.12574211921329,7.800409525227682,90.16394055253573,55.10816962032739,1.8012874711619489,1
79.37397697363565,7.754291329813574,81.02118320392483,67.2873625929748,7.366446029577616,1
106.29233926219105,8.188913371474642,75.72036861283745,52.24512228782862,5.770395502481873,1
99.77023628003302,7.708303847201064,72.87791030098849,79.5109945450731,7.133543452368359,1
94.97569985157627,7.351448207541583,65.48081539977764,51.349169537436794,4.685254892010551,1
105.78349560671067,8.070150238316428,75.77480518518863,72.28457581183159,5.902069938283099,1
136.96529790274283,6.97347874075094,77.57752540142751,51.22188180143803,7.42282115893099,1
119.61264291900514,6.118125348772282,62.58239424518376,68.79702195463358,10.0,1
101.43231515325805,6.836933036056236,78.34176417244898,88.43378155804534,7.616072378804143,1
118.58874172034238,6.255097355193551,73.44740951175251,75.60647891435795,4.3038688039389825,1
